{"main":"passenger-data-sapi.raml","name":"Passenger Data SAPI","classifier":"raml","tags":[],"dependencies":[{"groupId":"a63e6d25-8aaf-4512-b36d-d91b90a55c4a","assetId":"passenger","version":"1.0.1"},{"groupId":"a63e6d25-8aaf-4512-b36d-d91b90a55c4a","assetId":"flight","version":"1.0.3"},{"groupId":"a63e6d25-8aaf-4512-b36d-d91b90a55c4a","assetId":"client-id-secret-basic-auth-security-scheme","version":"1.0.0"}],"groupId":"a63e6d25-8aaf-4512-b36d-d91b90a55c4a","assetId":"passenger-data-sapi","version":"1.1.3","apiVersion":"v1","backwardsCompatible":false,"originalFormatVersion":"1.0","metadata":{"projectId":"b823ca97-ebe0-46a5-bab1-96d647f95180","branchId":"1.1.3","commitId":"c785604620c4b80091fd92a392a3a2bfa996fbec"}}