{"main":"flights-management-sapi.raml","name":"Flights Management SAPI","classifier":"raml","tags":[],"groupId":"a63e6d25-8aaf-4512-b36d-d91b90a55c4a","backwardsCompatible":false,"assetId":"flights-management-sapi","version":"1.1.3","apiVersion":"v1","dependencies":[{"groupId":"a63e6d25-8aaf-4512-b36d-d91b90a55c4a","assetId":"ticket","version":"1.0.4"},{"groupId":"a63e6d25-8aaf-4512-b36d-d91b90a55c4a","assetId":"checkin","version":"1.0.2"},{"groupId":"a63e6d25-8aaf-4512-b36d-d91b90a55c4a","assetId":"client-id-secret-basic-auth-security-scheme","version":"1.0.0"}],"originalFormatVersion":"1.0","metadata":{"projectId":"c9dd9339-7b8b-4214-a5b6-fbfe461ee68f","branchId":"master","commitId":"fbb2e351739e73889d55a854850bc5506fd7f639"}}