{"main":"paypal-sapi.raml","name":"PayPal SAPI","classifier":"raml","tags":[],"groupId":"a63e6d25-8aaf-4512-b36d-d91b90a55c4a","assetId":"paypal-sapi","version":"1.2.1","apiVersion":"v1","backwardsCompatible":false,"dependencies":[{"groupId":"a63e6d25-8aaf-4512-b36d-d91b90a55c4a","assetId":"payerid","version":"1.0.1"},{"groupId":"a63e6d25-8aaf-4512-b36d-d91b90a55c4a","assetId":"paymentcreate","version":"1.0.1"},{"groupId":"a63e6d25-8aaf-4512-b36d-d91b90a55c4a","assetId":"paymentid","version":"1.0.2"},{"groupId":"a63e6d25-8aaf-4512-b36d-d91b90a55c4a","assetId":"client-id-secret-basic-auth-security-scheme","version":"1.0.0"}],"originalFormatVersion":"1.0","metadata":{"projectId":"b12936e8-8744-4467-b3f2-a3b2996dc750","branchId":"1.2.1","commitId":"613a5885aef9e37bb76b1946e366e70115620da7"}}